{
    "rmse": 0.7356475286683261,
    "mae": 0.5827631337004568,
    "r2": 0.1647209655258287
}